number,community,filename,source_url
1,Castlerock,01-castlerock.jpg,https://s3.amazonaws.com/files.usmre.com/6169/crsuma175.jpg
2,Center Village,02-center-village.jpg,https://s3.amazonaws.com/files.usmre.com/6169/CVsum175.jpg
3,Clay Brook,03-clay-brook.jpg,https://s3.amazonaws.com/files.usmre.com/6169/claybrooksum175.jpg
4,Forum,04-forum.jpg,https://s3.amazonaws.com/files.usmre.com/6169/4CTA_condos.jpg
5,Gadd Brook,05-gadd-brook.jpg,https://s3.amazonaws.com/files.usmre.com/6169/2016-09-13%2014.13.19.jpg
6,Glades,06-glades.jpg,https://s3.amazonaws.com/files.usmre.com/6169/GLsum1175.jpg
7,Mountainside,07-mountainside.jpg,https://s3.amazonaws.com/files.usmre.com/6169/MSsum1175.jpg
8,North Lynx,08-north-lynx.jpg,https://s3.amazonaws.com/files.usmre.com/6169/NLsum1175.jpg
9,Paradise,09-paradise.jpg,https://s3.amazonaws.com/files.usmre.com/6169/parsuma7175.jpg
10,Rice Brook,10-rice-brook.jpg,https://s3.amazonaws.com/files.usmre.com/6169/RBSum175.jpg
11,Snow Creek,11-snow-creek.jpg,https://s3.amazonaws.com/files.usmre.com/6169/175SnowCreekSum.jpg
12,South Village,12-south-village.jpg,https://s3.amazonaws.com/files.usmre.com/6169/175SouthVillageSum.jpg
13,Summit,13-summit.jpg,https://s3.amazonaws.com/files.usmre.com/6169/175SummitSum2.jpg
14,Trailside/Village Run,14-trailside-village-run.jpg,https://s3.amazonaws.com/files.usmre.com/6169/175TrailsideTenSum.jpg
15,Village Gate,15-village-gate.jpg,https://s3.amazonaws.com/files.usmre.com/6169/175VillageGateSum2.jpg
16,Battleground,16-battleground.jpg,https://s3.amazonaws.com/files.usmre.com/6169/175BattlegrounSum.jpg
17,Briar Cliff,17-briar-cliff.jpg,https://s3.amazonaws.com/files.usmre.com/6169/175BriarCliffSum2.jpg
18,Bridges,18-bridges.jpg,https://s3.amazonaws.com/files.usmre.com/6169/175BridgesSum.jpg
19,Christmas Tree,19-christmas-tree.jpg,https://s3.amazonaws.com/files.usmre.com/6169/175ChristmasTreeSum.jpg
20,Club Sugarbush,20-club-sugarbush.jpg,https://s3.amazonaws.com/files.usmre.com/6169/175ClubSugarbushSum%20(1).jpg
21,Drumleys,21-drumleys.jpg,https://s3.amazonaws.com/files.usmre.com/6169/175DrumleysSum2.jpg
22,Fiddlehead,22-fiddlehead.jpg,https://s3.amazonaws.com/files.usmre.com/6169/175FiddleheadSum.jpg
23,Snowside,23-snowside.jpg,https://s3.amazonaws.com/files.usmre.com/6169/SSsum175.jpg
24,Southface,24-southface.jpg,https://s3.amazonaws.com/files.usmre.com/6169/175SouthfaceSum2.jpg
25,Sterling Ridge,25-sterling-ridge.jpg,https://s3.amazonaws.com/files.usmre.com/6169/175SterlingRidgeSum.jpg
26,Sugar Run,26-sugar-run.jpg,https://s3.amazonaws.com/files.usmre.com/6169/175SugarRunSum.jpg
27,Sundown,27-sundown.jpg,https://s3.amazonaws.com/files.usmre.com/6169/175SundownSum.jpg
28,The Farms,28-the-farms.jpg,https://s3.amazonaws.com/files.usmre.com/6169/175TheFarmsSum.jpg
29,The Maples,29-the-maples.jpg,https://s3.amazonaws.com/files.usmre.com/6169/175MaplesSum.jpg
30,Timberline,30-timberline.jpg,https://s3.amazonaws.com/files.usmre.com/6169/175TimberlineSum.jpg
31,Bridge House,31-bridge-house.jpg,https://s3.amazonaws.com/files.usmre.com/6169/175BridgeHouseSum.jpg
32,Butternut Hill,32-butternut-hill.jpg,https://s3.amazonaws.com/files.usmre.com/6169/175ButternutHillSum2.jpg
33,Carroll House,33-carroll-house.jpg,https://s3.amazonaws.com/files.usmre.com/6169/175CarrollHouseSum.jpg
34,Commons,34-commons.jpg,https://s3.amazonaws.com/files.usmre.com/6169/175CommonsSum.jpg
35,Fly-in,35-fly-in.jpg,https://s3.amazonaws.com/files.usmre.com/6169/175FlyInnSum.jpg
36,Dimetrodon,36-dimetrodon.jpg,https://s3.amazonaws.com/files.usmre.com/6169/175DimetrodonSum.jpg
37,Madbush,37-madbush.jpg,https://s3.amazonaws.com/files.usmre.com/6169/175MadbushSum.jpg
38,Old High School,38-old-high-school.jpg,https://s3.amazonaws.com/files.usmre.com/6169/175HighSchoolSum.jpg
39,Powderhound,39-powderhound.jpg,https://s3.amazonaws.com/files.usmre.com/6169/175PowderHoundSum.jpg
40,Top of Valley,40-top-of-valley.jpg,https://s3.amazonaws.com/files.usmre.com/6169/175TopoftheValleySum.jpg
